{
 "alpha": 18.22974395751953,
 "beta": 0.41906216740608215,
 "num_iter": 100,
 "eta": 0.5
}